{
    "version": 2,
    "name": "Sovol-SV06 Plus",
    "inherits": "fdmprinter",
    "metadata": {
        "visible": true,
        "author": "Sovol",
        "manufacturer": "Sovol 3D",
        "file_formats": "text/x-gcode",
        "has_variants": false,
        "has_machine_quality": false,
        "preferred_quality_type": "draft",
        "machine_extruder_trains": {
            "0": "SV06_extruder_0"
        },
	"platform_offset": [
            0,
            -55,
            10
        ],
        "platform": "sovol_300_300_platform.obj",
	"platform_texture": "sv06backplate.png"
    },
	
    "overrides": {
        "machine_name": { "default_value": "SV06 Plus" },
        "machine_width": { "default_value": 300 },
        "machine_depth": { "default_value": 300 },
        "machine_height": { "default_value": 340 },	
        "machine_max_feedrate_x": { "value": 500 },
        "machine_max_feedrate_y": { "value": 500 },
        "machine_max_feedrate_z": { "value": 20 },
        "machine_max_feedrate_e": { "value": 40 },
        "machine_acceleration": { "value": 1000 },
        "machine_max_jerk_xy": { "value": 5 },
        "machine_max_jerk_z": { "value": 0.4 },
        "machine_max_jerk_e": { "value": 5 },
        "machine_heated_bed": { "default_value": true },
        "machine_start_gcode": { "default_value": "G28 ;Home\n\nM420 S1;\nG92 E0 ;Reset Extruder\nG1 Z2.0 F3000 ;Move Z Axis up\nG1 X10.1 Y20 Z0.28 F5000.0 ;Move to start position\nG1 X10.1 Y200.0 Z0.28 F1500.0 E15 ;Draw the first line\nG1 X10.4 Y200.0 Z0.28 F5000.0 ;Move to side a little\nG1 X10.4 Y20 Z0.28 F1500.0 E30 ;Draw the second line\nG92 E0 ;Reset Extruder\nG1 Z2.0 F3000 ;Move Z Axis up\n" },
        "machine_end_gcode": { "default_value": "G91 ;Relative positioning\nG1 E-2 F2700 ;Retract a bit\nG1 E-2 Z0.2 F2400 ;Retract and raise Z\nG1 X0 Y220 F3000 ;Wipe out\nG1 Z10 ;Raise Z more\nG90 ;Absolute positionning\n\nG1 X0 Y{machine_depth} ;Present print\nM106 S0 ;Turn-off fan\nM104 S0 ;Turn-off hotend\nM140 S0 ;Turn-off bed\n\nM84 X Y E ;Disable all steppers but Z\n" },
        
        "initial_layer_line_width_factor": { "value": 150 },

        "wall_0_wipe_dist": { "value": 0.4 },
        "top_bottom_pattern": { "value": "'zigzag'" },
        "optimize_wall_printing_order": { "value": true },
        "z_seam_type": { "value": "'sharpest_corner'" },
        "z_seam_corner": { "value": "'z_seam_corner_weighted'" },  
        "z_seam_relative": {"value": true},
        "skin_overlap": { "value": 10.0 },
        "roofing_layer_count": { "value": 1 },
        "fill_outline_gaps": { "value": true },
        "bottom_layers": { "value": 4 },

        "skin_preshrink": { "value": 0.8 },
        "infill_wipe_dist": { "value": 0.1 },
        "infill_pattern": { "value": "'gyroid'" },
        "infill_before_walls": { "value": false },
        "infill_overlap": { "value": 10.0 },
        "infill_sparse_density": { "value": 10 },
        "zig_zaggify_infill": { "value": true },

		"material_print_temperature": { "value": 195 },
        "material_diameter": { "default_value": 1.75 },
		
        "speed_print": { "value": 150.0 } ,
        "speed_wall": { "value": "speed_print * 2 / 5" },
        "speed_wall_0": { "value": "speed_wall - 10" },
        "speed_wall_x": { "value": "speed_wall" },
        "speed_topbottom": {"value": "speed_print * 2 / 5"},
		"speed_travel": { "value": "speed_print * 4 / 3" } ,
		"speed_z_hop": {"value": "machine_max_feedrate_z"},
        "speed_layer_0": {"value": "speed_print * 2 / 5"},        
        "acceleration_enabled": { "value": true },
        "acceleration_print": { "value": "machine_acceleration" },
        "acceleration_wall":{ "value" : "acceleration_print / 4"},
        "acceleration_roofing": { "enabled": "acceleration_enabled and roofing_layer_count > 0 and top_layers > 0" },
		"jerk_enabled": { "default_value": true },
        "jerk_print": { "value": 5 },
        "jerk_travel": { "value": "jerk_print" },        
        
        "retract_at_layer_change": {"value": false},
        "retraction_extra_prime_amount": { "value": 0 },
        
        "material_initial_print_temperature": { "value": "material_print_temperature" },
        "material_final_print_temperature": { "value": "material_print_temperature" },
        
        "retraction_amount": { "default_value": 0.5},
        "retraction_speed": { "default_value": 30},
		"retraction_hop": { "value": 0 },

        "support_angle": {"value": 70},
        "support_brim_enable": {"value": true},
        "support_conical_angle": {"value": 70},
        "support_conical_enabled":{"value": true},
        "support_conical_min_width": {"value": 20},
        "support_infill_rate": {"value": 10},
        "support_interface_enable": {"value": true},
        "support_skip_some_zags": {"value": true},
        "support_skip_zag_per_mm": {"value": 40},
        "support_z_distance": {"value": 0.25},

        "skirt_gap": { 
            "value": 0 ,
            "minimum_value_warning": "0"
        },
        "skirt_line_count": { "value": 2 },
        "raft_margin": { "value": 5 },

        "adhesion_type": { "value": "'skirt'" },
        "coasting_enable": { "value": true }
    }
}