{
    "version": 2,
    "name": "Sovol-SV06",
    "inherits": "fdmprinter",
    "metadata": {
        "visible": true,
        "author": "Sovol",
        "manufacturer": "Sovol 3D",
        "file_formats": "text/x-gcode",
        "has_variants": false,
        "has_machine_quality": false,
        "preferred_quality_type": "draft",
        "machine_extruder_trains": {
            "0": "SV06_extruder_0"
        }
    },
	
    "overrides": {
        "machine_name": { "default_value": "SV06" },
        "machine_width": { "default_value": 220 },
        "machine_depth": { "default_value": 220 },
        "machine_height": { "default_value": 250 },
        "machine_max_jerk_xy": { "value": 5 },
        "machine_max_jerk_z": { "value": 0.4 },
        "machine_max_jerk_e": { "value": 5 },
        "machine_heated_bed": { "default_value": true },
        "machine_start_gcode": { "default_value": "G28 ;Home\n\nM420 S1;\nG92 E0 ;Reset Extruder\nG1 Z2.0 F3000 ;Move Z Axis up\nG1 X10.1 Y20 Z0.28 F5000.0 ;Move to start position\nG1 X10.1 Y200.0 Z0.28 F1500.0 E15 ;Draw the first line\nG1 X10.4 Y200.0 Z0.28 F5000.0 ;Move to side a little\nG1 X10.4 Y20 Z0.28 F1500.0 E30 ;Draw the second line\nG92 E0 ;Reset Extruder\nG1 Z2.0 F3000 ;Move Z Axis up\n" },
        "machine_end_gcode": { "default_value": "G91 ;Relative positioning\nG1 E-2 F2700 ;Retract a bit\nG1 E-2 Z0.2 F2400 ;Retract and raise Z\nG1 X0 Y220 F3000 ;Wipe out\nG1 Z10 ;Raise Z more\nG90 ;Absolute positionning\n\nG1 X0 Y{machine_depth} ;Present print\nM106 S0 ;Turn-off fan\nM104 S0 ;Turn-off hotend\nM140 S0 ;Turn-off bed\n\nM84 X Y E ;Disable all steppers but Z\n" },
        
        "initial_layer_line_width_factor": { "value": 150 },
		
        "wall_thickness": { "value": 1.2 },
        "wall_0_wipe_dist": { "value": 0.0 },
        "z_seam_type": { "value": "'back'" },
        "skin_overlap": { "value": 10.0 },
        "z_seam_corner": { "value": "'z_seam_corner_weighted'" },  
        "optimize_wall_printing_order": { "value": true },

        "infill_sparse_density": { "value": 15 },
        "infill_pattern": { "value": "'lines'" },
        "infill_before_walls": { "value": false },
        "infill_overlap": { "value": 30.0 },
        "infill_wipe_dist": { "value": 0.0 },
        "zig_zaggify_infill": { "value": true },        

        "material_initial_print_temperature": { "value": "material_print_temperature" },
        "material_final_print_temperature": { "value": "material_print_temperature" },

        "speed_print": { "value": 60.0 } ,
        "speed_infill": { "value": "speed_print" },
        "speed_wall": { "value": "speed_print / 2" },
        "speed_wall_x": { "value": "speed_wall" },
        "speed_wall_0": { "value": "speed_wall / 1.2" },
		"speed_travel": { "value": 200 } ,
        "skirt_brim_speed": { "value": "speed_layer_0" },
        "acceleration_enabled": { "value": false },
        "acceleration_print": { "value": "machine_acceleration" },
        "acceleration_travel": { "value": "machine_acceleration" },
        "acceleration_travel_layer_0": { "value": "acceleration_travel" },
        "acceleration_roofing": { "enabled": "acceleration_enabled and roofing_layer_count > 0 and top_layers > 0" },
		"jerk_enabled": { "default_value": true },
        "jerk_print": { "value": 5 },
        "jerk_travel": { "value": 10 },
        "jerk_travel_layer_0": { "value": "jerk_travel" },

        "material_print_temperature": { "value": 195 },
        "material_diameter": { "default_value": 1.75 },
         
        "retraction_amount": { "default_value": 0.5},
        "retraction_speed": { "default_value": 30},
        "retraction_hop_enabled": { "value": true },
		"retraction_hop": { "value": "2 * layer_height" },

        "adhesion_type": { "value": "'skirt'" }
        
    }
}